EbN0_dB,Ana_1x1,Sim_1x1,Ana_1x2,Sim_1x2,Ana_2x2,Sim_2x2
0,1.6320e+00,2.1271e-01,3.3548e-01,8.9167e-02,2.1378e+00,1.1839e-01
2,8.9071e-01,1.4469e-01,1.2266e-01,4.0833e-02,4.8272e-01,7.2813e-02
4,4.5022e-01,1.0625e-01,4.1190e-02,2.0970e-02,1.0736e-01,3.1615e-02
6,2.1776e-01,5.8229e-02,1.3292e-02,6.2004e-03,2.5941e-02,1.1036e-02
8,1.0432e-01,3.7083e-02,4.3318e-03,2.6173e-03,7.1401e-03,4.0479e-03
10,5.0910e-02,2.1329e-02,1.4847e-03,9.8154e-04,2.2456e-03,1.4713e-03
12,2.5768e-02,1.2860e-02,5.4137e-04,3.5323e-04,7.8656e-04,4.4037e-04
14,1.3633e-02,7.1173e-03,2.0694e-04,1.3698e-04,2.9525e-04,1.9259e-04
16,7.5333e-03,4.5573e-03,8.1212e-05,5.2083e-05,1.1491e-04,8.4753e-05
18,4.3226e-03,2.6549e-03,3.2242e-05,1.8229e-05,4.5442e-05,3.3333e-05
20,2.5546e-03,1.4637e-03,1.2852e-05,5.2083e-06,1.8078e-05,1.3021e-05
